"","lStructure","mainA","mainT","tetra","nSamples","misconcept","nItems","estimation"
"1",1,1,1,1,1,1,1,1
"2",1,1,1,1,1,1,1,2
"3",1,1,1,1,1,1,1,3
"4",1,1,1,1,1,1,2,1
"5",1,1,1,1,1,1,2,2
"6",1,1,1,1,1,1,2,3
"7",1,1,1,1,1,2,1,1
"8",1,1,1,1,1,2,1,2
"9",1,1,1,1,1,2,1,3
"10",1,1,1,1,1,2,2,1
"11",1,1,1,1,1,2,2,2
"12",1,1,1,1,1,2,2,3
"13",1,1,1,1,1,3,1,1
"14",1,1,1,1,1,3,1,2
"15",1,1,1,1,1,3,1,3
"16",1,1,1,1,1,3,2,1
"17",1,1,1,1,1,3,2,2
"18",1,1,1,1,1,3,2,3
"19",1,1,1,1,2,1,1,1
"20",1,1,1,1,2,1,1,2
"21",1,1,1,1,2,1,1,3
"22",1,1,1,1,2,1,2,1
"23",1,1,1,1,2,1,2,2
"24",1,1,1,1,2,1,2,3
"25",1,1,1,1,2,2,1,1
"26",1,1,1,1,2,2,1,2
"27",1,1,1,1,2,2,1,3
"28",1,1,1,1,2,2,2,1
"29",1,1,1,1,2,2,2,2
"30",1,1,1,1,2,2,2,3
"31",1,1,1,1,2,3,1,1
"32",1,1,1,1,2,3,1,2
"33",1,1,1,1,2,3,1,3
"34",1,1,1,1,2,3,2,1
"35",1,1,1,1,2,3,2,2
"36",1,1,1,1,2,3,2,3
"37",1,1,1,1,3,1,1,1
"38",1,1,1,1,3,1,1,2
"39",1,1,1,1,3,1,1,3
"40",1,1,1,1,3,1,2,1
"41",1,1,1,1,3,1,2,2
"42",1,1,1,1,3,1,2,3
"43",1,1,1,1,3,2,1,1
"44",1,1,1,1,3,2,1,2
"45",1,1,1,1,3,2,1,3
"46",1,1,1,1,3,2,2,1
"47",1,1,1,1,3,2,2,2
"48",1,1,1,1,3,2,2,3
"49",1,1,1,1,3,3,1,1
"50",1,1,1,1,3,3,1,2
"51",1,1,1,1,3,3,1,3
"52",1,1,1,1,3,3,2,1
"53",1,1,1,1,3,3,2,2
"54",1,1,1,1,3,3,2,3
"55",1,1,1,2,1,1,1,1
"56",1,1,1,2,1,1,1,2
"57",1,1,1,2,1,1,1,3
"58",1,1,1,2,1,1,2,1
"59",1,1,1,2,1,1,2,2
"60",1,1,1,2,1,1,2,3
"61",1,1,1,2,1,2,1,1
"62",1,1,1,2,1,2,1,2
"63",1,1,1,2,1,2,1,3
"64",1,1,1,2,1,2,2,1
"65",1,1,1,2,1,2,2,2
"66",1,1,1,2,1,2,2,3
"67",1,1,1,2,1,3,1,1
"68",1,1,1,2,1,3,1,2
"69",1,1,1,2,1,3,1,3
"70",1,1,1,2,1,3,2,1
"71",1,1,1,2,1,3,2,2
"72",1,1,1,2,1,3,2,3
"73",1,1,1,2,2,1,1,1
"74",1,1,1,2,2,1,1,2
"75",1,1,1,2,2,1,1,3
"76",1,1,1,2,2,1,2,1
"77",1,1,1,2,2,1,2,2
"78",1,1,1,2,2,1,2,3
"79",1,1,1,2,2,2,1,1
"80",1,1,1,2,2,2,1,2
"81",1,1,1,2,2,2,1,3
"82",1,1,1,2,2,2,2,1
"83",1,1,1,2,2,2,2,2
"84",1,1,1,2,2,2,2,3
"85",1,1,1,2,2,3,1,1
"86",1,1,1,2,2,3,1,2
"87",1,1,1,2,2,3,1,3
"88",1,1,1,2,2,3,2,1
"89",1,1,1,2,2,3,2,2
"90",1,1,1,2,2,3,2,3
"91",1,1,1,2,3,1,1,1
"92",1,1,1,2,3,1,1,2
"93",1,1,1,2,3,1,1,3
"94",1,1,1,2,3,1,2,1
"95",1,1,1,2,3,1,2,2
"96",1,1,1,2,3,1,2,3
"97",1,1,1,2,3,2,1,1
"98",1,1,1,2,3,2,1,2
"99",1,1,1,2,3,2,1,3
"100",1,1,1,2,3,2,2,1
"101",1,1,1,2,3,2,2,2
"102",1,1,1,2,3,2,2,3
"103",1,1,1,2,3,3,1,1
"104",1,1,1,2,3,3,1,2
"105",1,1,1,2,3,3,1,3
"106",1,1,1,2,3,3,2,1
"107",1,1,1,2,3,3,2,2
"108",1,1,1,2,3,3,2,3
"109",1,1,1,3,1,1,1,1
"110",1,1,1,3,1,1,1,2
"111",1,1,1,3,1,1,1,3
"112",1,1,1,3,1,1,2,1
"113",1,1,1,3,1,1,2,2
"114",1,1,1,3,1,1,2,3
"115",1,1,1,3,1,2,1,1
"116",1,1,1,3,1,2,1,2
"117",1,1,1,3,1,2,1,3
"118",1,1,1,3,1,2,2,1
"119",1,1,1,3,1,2,2,2
"120",1,1,1,3,1,2,2,3
"121",1,1,1,3,1,3,1,1
"122",1,1,1,3,1,3,1,2
"123",1,1,1,3,1,3,1,3
"124",1,1,1,3,1,3,2,1
"125",1,1,1,3,1,3,2,2
"126",1,1,1,3,1,3,2,3
"127",1,1,1,3,2,1,1,1
"128",1,1,1,3,2,1,1,2
"129",1,1,1,3,2,1,1,3
"130",1,1,1,3,2,1,2,1
"131",1,1,1,3,2,1,2,2
"132",1,1,1,3,2,1,2,3
"133",1,1,1,3,2,2,1,1
"134",1,1,1,3,2,2,1,2
"135",1,1,1,3,2,2,1,3
"136",1,1,1,3,2,2,2,1
"137",1,1,1,3,2,2,2,2
"138",1,1,1,3,2,2,2,3
"139",1,1,1,3,2,3,1,1
"140",1,1,1,3,2,3,1,2
"141",1,1,1,3,2,3,1,3
"142",1,1,1,3,2,3,2,1
"143",1,1,1,3,2,3,2,2
"144",1,1,1,3,2,3,2,3
"145",1,1,1,3,3,1,1,1
"146",1,1,1,3,3,1,1,2
"147",1,1,1,3,3,1,1,3
"148",1,1,1,3,3,1,2,1
"149",1,1,1,3,3,1,2,2
"150",1,1,1,3,3,1,2,3
"151",1,1,1,3,3,2,1,1
"152",1,1,1,3,3,2,1,2
"153",1,1,1,3,3,2,1,3
"154",1,1,1,3,3,2,2,1
"155",1,1,1,3,3,2,2,2
"156",1,1,1,3,3,2,2,3
"157",1,1,1,3,3,3,1,1
"158",1,1,1,3,3,3,1,2
"159",1,1,1,3,3,3,1,3
"160",1,1,1,3,3,3,2,1
"161",1,1,1,3,3,3,2,2
"162",1,1,1,3,3,3,2,3
"163",1,1,2,1,1,1,1,1
"164",1,1,2,1,1,1,1,2
"165",1,1,2,1,1,1,1,3
"166",1,1,2,1,1,1,2,1
"167",1,1,2,1,1,1,2,2
"168",1,1,2,1,1,1,2,3
"169",1,1,2,1,1,2,1,1
"170",1,1,2,1,1,2,1,2
"171",1,1,2,1,1,2,1,3
"172",1,1,2,1,1,2,2,1
"173",1,1,2,1,1,2,2,2
"174",1,1,2,1,1,2,2,3
"175",1,1,2,1,1,3,1,1
"176",1,1,2,1,1,3,1,2
"177",1,1,2,1,1,3,1,3
"178",1,1,2,1,1,3,2,1
"179",1,1,2,1,1,3,2,2
"180",1,1,2,1,1,3,2,3
"181",1,1,2,1,2,1,1,1
"182",1,1,2,1,2,1,1,2
"183",1,1,2,1,2,1,1,3
"184",1,1,2,1,2,1,2,1
"185",1,1,2,1,2,1,2,2
"186",1,1,2,1,2,1,2,3
"187",1,1,2,1,2,2,1,1
"188",1,1,2,1,2,2,1,2
"189",1,1,2,1,2,2,1,3
"190",1,1,2,1,2,2,2,1
"191",1,1,2,1,2,2,2,2
"192",1,1,2,1,2,2,2,3
"193",1,1,2,1,2,3,1,1
"194",1,1,2,1,2,3,1,2
"195",1,1,2,1,2,3,1,3
"196",1,1,2,1,2,3,2,1
"197",1,1,2,1,2,3,2,2
"198",1,1,2,1,2,3,2,3
"199",1,1,2,1,3,1,1,1
"200",1,1,2,1,3,1,1,2
"201",1,1,2,1,3,1,1,3
"202",1,1,2,1,3,1,2,1
"203",1,1,2,1,3,1,2,2
"204",1,1,2,1,3,1,2,3
"205",1,1,2,1,3,2,1,1
"206",1,1,2,1,3,2,1,2
"207",1,1,2,1,3,2,1,3
"208",1,1,2,1,3,2,2,1
"209",1,1,2,1,3,2,2,2
"210",1,1,2,1,3,2,2,3
"211",1,1,2,1,3,3,1,1
"212",1,1,2,1,3,3,1,2
"213",1,1,2,1,3,3,1,3
"214",1,1,2,1,3,3,2,1
"215",1,1,2,1,3,3,2,2
"216",1,1,2,1,3,3,2,3
"217",1,1,2,2,1,1,1,1
"218",1,1,2,2,1,1,1,2
"219",1,1,2,2,1,1,1,3
"220",1,1,2,2,1,1,2,1
"221",1,1,2,2,1,1,2,2
"222",1,1,2,2,1,1,2,3
"223",1,1,2,2,1,2,1,1
"224",1,1,2,2,1,2,1,2
"225",1,1,2,2,1,2,1,3
"226",1,1,2,2,1,2,2,1
"227",1,1,2,2,1,2,2,2
"228",1,1,2,2,1,2,2,3
"229",1,1,2,2,1,3,1,1
"230",1,1,2,2,1,3,1,2
"231",1,1,2,2,1,3,1,3
"232",1,1,2,2,1,3,2,1
"233",1,1,2,2,1,3,2,2
"234",1,1,2,2,1,3,2,3
"235",1,1,2,2,2,1,1,1
"236",1,1,2,2,2,1,1,2
"237",1,1,2,2,2,1,1,3
"238",1,1,2,2,2,1,2,1
"239",1,1,2,2,2,1,2,2
"240",1,1,2,2,2,1,2,3
"241",1,1,2,2,2,2,1,1
"242",1,1,2,2,2,2,1,2
"243",1,1,2,2,2,2,1,3
"244",1,1,2,2,2,2,2,1
"245",1,1,2,2,2,2,2,2
"246",1,1,2,2,2,2,2,3
"247",1,1,2,2,2,3,1,1
"248",1,1,2,2,2,3,1,2
"249",1,1,2,2,2,3,1,3
"250",1,1,2,2,2,3,2,1
"251",1,1,2,2,2,3,2,2
"252",1,1,2,2,2,3,2,3
"253",1,1,2,2,3,1,1,1
"254",1,1,2,2,3,1,1,2
"255",1,1,2,2,3,1,1,3
"256",1,1,2,2,3,1,2,1
"257",1,1,2,2,3,1,2,2
"258",1,1,2,2,3,1,2,3
"259",1,1,2,2,3,2,1,1
"260",1,1,2,2,3,2,1,2
"261",1,1,2,2,3,2,1,3
"262",1,1,2,2,3,2,2,1
"263",1,1,2,2,3,2,2,2
"264",1,1,2,2,3,2,2,3
"265",1,1,2,2,3,3,1,1
"266",1,1,2,2,3,3,1,2
"267",1,1,2,2,3,3,1,3
"268",1,1,2,2,3,3,2,1
"269",1,1,2,2,3,3,2,2
"270",1,1,2,2,3,3,2,3
"271",1,1,2,3,1,1,1,1
"272",1,1,2,3,1,1,1,2
"273",1,1,2,3,1,1,1,3
"274",1,1,2,3,1,1,2,1
"275",1,1,2,3,1,1,2,2
"276",1,1,2,3,1,1,2,3
"277",1,1,2,3,1,2,1,1
"278",1,1,2,3,1,2,1,2
"279",1,1,2,3,1,2,1,3
"280",1,1,2,3,1,2,2,1
"281",1,1,2,3,1,2,2,2
"282",1,1,2,3,1,2,2,3
"283",1,1,2,3,1,3,1,1
"284",1,1,2,3,1,3,1,2
"285",1,1,2,3,1,3,1,3
"286",1,1,2,3,1,3,2,1
"287",1,1,2,3,1,3,2,2
"288",1,1,2,3,1,3,2,3
"289",1,1,2,3,2,1,1,1
"290",1,1,2,3,2,1,1,2
"291",1,1,2,3,2,1,1,3
"292",1,1,2,3,2,1,2,1
"293",1,1,2,3,2,1,2,2
"294",1,1,2,3,2,1,2,3
"295",1,1,2,3,2,2,1,1
"296",1,1,2,3,2,2,1,2
"297",1,1,2,3,2,2,1,3
"298",1,1,2,3,2,2,2,1
"299",1,1,2,3,2,2,2,2
"300",1,1,2,3,2,2,2,3
"301",1,1,2,3,2,3,1,1
"302",1,1,2,3,2,3,1,2
"303",1,1,2,3,2,3,1,3
"304",1,1,2,3,2,3,2,1
"305",1,1,2,3,2,3,2,2
"306",1,1,2,3,2,3,2,3
"307",1,1,2,3,3,1,1,1
"308",1,1,2,3,3,1,1,2
"309",1,1,2,3,3,1,1,3
"310",1,1,2,3,3,1,2,1
"311",1,1,2,3,3,1,2,2
"312",1,1,2,3,3,1,2,3
"313",1,1,2,3,3,2,1,1
"314",1,1,2,3,3,2,1,2
"315",1,1,2,3,3,2,1,3
"316",1,1,2,3,3,2,2,1
"317",1,1,2,3,3,2,2,2
"318",1,1,2,3,3,2,2,3
"319",1,1,2,3,3,3,1,1
"320",1,1,2,3,3,3,1,2
"321",1,1,2,3,3,3,1,3
"322",1,1,2,3,3,3,2,1
"323",1,1,2,3,3,3,2,2
"324",1,1,2,3,3,3,2,3
"325",1,2,1,1,1,1,1,1
"326",1,2,1,1,1,1,1,2
"327",1,2,1,1,1,1,1,3
"328",1,2,1,1,1,1,2,1
"329",1,2,1,1,1,1,2,2
"330",1,2,1,1,1,1,2,3
"331",1,2,1,1,1,2,1,1
"332",1,2,1,1,1,2,1,2
"333",1,2,1,1,1,2,1,3
"334",1,2,1,1,1,2,2,1
"335",1,2,1,1,1,2,2,2
"336",1,2,1,1,1,2,2,3
"337",1,2,1,1,1,3,1,1
"338",1,2,1,1,1,3,1,2
"339",1,2,1,1,1,3,1,3
"340",1,2,1,1,1,3,2,1
"341",1,2,1,1,1,3,2,2
"342",1,2,1,1,1,3,2,3
"343",1,2,1,1,2,1,1,1
"344",1,2,1,1,2,1,1,2
"345",1,2,1,1,2,1,1,3
"346",1,2,1,1,2,1,2,1
"347",1,2,1,1,2,1,2,2
"348",1,2,1,1,2,1,2,3
"349",1,2,1,1,2,2,1,1
"350",1,2,1,1,2,2,1,2
"351",1,2,1,1,2,2,1,3
"352",1,2,1,1,2,2,2,1
"353",1,2,1,1,2,2,2,2
"354",1,2,1,1,2,2,2,3
"355",1,2,1,1,2,3,1,1
"356",1,2,1,1,2,3,1,2
"357",1,2,1,1,2,3,1,3
"358",1,2,1,1,2,3,2,1
"359",1,2,1,1,2,3,2,2
"360",1,2,1,1,2,3,2,3
"361",1,2,1,1,3,1,1,1
"362",1,2,1,1,3,1,1,2
"363",1,2,1,1,3,1,1,3
"364",1,2,1,1,3,1,2,1
"365",1,2,1,1,3,1,2,2
"366",1,2,1,1,3,1,2,3
"367",1,2,1,1,3,2,1,1
"368",1,2,1,1,3,2,1,2
"369",1,2,1,1,3,2,1,3
"370",1,2,1,1,3,2,2,1
"371",1,2,1,1,3,2,2,2
"372",1,2,1,1,3,2,2,3
"373",1,2,1,1,3,3,1,1
"374",1,2,1,1,3,3,1,2
"375",1,2,1,1,3,3,1,3
"376",1,2,1,1,3,3,2,1
"377",1,2,1,1,3,3,2,2
"378",1,2,1,1,3,3,2,3
"379",1,2,1,2,1,1,1,1
"380",1,2,1,2,1,1,1,2
"381",1,2,1,2,1,1,1,3
"382",1,2,1,2,1,1,2,1
"383",1,2,1,2,1,1,2,2
"384",1,2,1,2,1,1,2,3
"385",1,2,1,2,1,2,1,1
"386",1,2,1,2,1,2,1,2
"387",1,2,1,2,1,2,1,3
"388",1,2,1,2,1,2,2,1
"389",1,2,1,2,1,2,2,2
"390",1,2,1,2,1,2,2,3
"391",1,2,1,2,1,3,1,1
"392",1,2,1,2,1,3,1,2
"393",1,2,1,2,1,3,1,3
"394",1,2,1,2,1,3,2,1
"395",1,2,1,2,1,3,2,2
"396",1,2,1,2,1,3,2,3
"397",1,2,1,2,2,1,1,1
"398",1,2,1,2,2,1,1,2
"399",1,2,1,2,2,1,1,3
"400",1,2,1,2,2,1,2,1
"401",1,2,1,2,2,1,2,2
"402",1,2,1,2,2,1,2,3
"403",1,2,1,2,2,2,1,1
"404",1,2,1,2,2,2,1,2
"405",1,2,1,2,2,2,1,3
"406",1,2,1,2,2,2,2,1
"407",1,2,1,2,2,2,2,2
"408",1,2,1,2,2,2,2,3
"409",1,2,1,2,2,3,1,1
"410",1,2,1,2,2,3,1,2
"411",1,2,1,2,2,3,1,3
"412",1,2,1,2,2,3,2,1
"413",1,2,1,2,2,3,2,2
"414",1,2,1,2,2,3,2,3
"415",1,2,1,2,3,1,1,1
"416",1,2,1,2,3,1,1,2
"417",1,2,1,2,3,1,1,3
"418",1,2,1,2,3,1,2,1
"419",1,2,1,2,3,1,2,2
"420",1,2,1,2,3,1,2,3
"421",1,2,1,2,3,2,1,1
"422",1,2,1,2,3,2,1,2
"423",1,2,1,2,3,2,1,3
"424",1,2,1,2,3,2,2,1
"425",1,2,1,2,3,2,2,2
"426",1,2,1,2,3,2,2,3
"427",1,2,1,2,3,3,1,1
"428",1,2,1,2,3,3,1,2
"429",1,2,1,2,3,3,1,3
"430",1,2,1,2,3,3,2,1
"431",1,2,1,2,3,3,2,2
"432",1,2,1,2,3,3,2,3
"433",1,2,1,3,1,1,1,1
"434",1,2,1,3,1,1,1,2
"435",1,2,1,3,1,1,1,3
"436",1,2,1,3,1,1,2,1
"437",1,2,1,3,1,1,2,2
"438",1,2,1,3,1,1,2,3
"439",1,2,1,3,1,2,1,1
"440",1,2,1,3,1,2,1,2
"441",1,2,1,3,1,2,1,3
"442",1,2,1,3,1,2,2,1
"443",1,2,1,3,1,2,2,2
"444",1,2,1,3,1,2,2,3
"445",1,2,1,3,1,3,1,1
"446",1,2,1,3,1,3,1,2
"447",1,2,1,3,1,3,1,3
"448",1,2,1,3,1,3,2,1
"449",1,2,1,3,1,3,2,2
"450",1,2,1,3,1,3,2,3
"451",1,2,1,3,2,1,1,1
"452",1,2,1,3,2,1,1,2
"453",1,2,1,3,2,1,1,3
"454",1,2,1,3,2,1,2,1
"455",1,2,1,3,2,1,2,2
"456",1,2,1,3,2,1,2,3
"457",1,2,1,3,2,2,1,1
"458",1,2,1,3,2,2,1,2
"459",1,2,1,3,2,2,1,3
"460",1,2,1,3,2,2,2,1
"461",1,2,1,3,2,2,2,2
"462",1,2,1,3,2,2,2,3
"463",1,2,1,3,2,3,1,1
"464",1,2,1,3,2,3,1,2
"465",1,2,1,3,2,3,1,3
"466",1,2,1,3,2,3,2,1
"467",1,2,1,3,2,3,2,2
"468",1,2,1,3,2,3,2,3
"469",1,2,1,3,3,1,1,1
"470",1,2,1,3,3,1,1,2
"471",1,2,1,3,3,1,1,3
"472",1,2,1,3,3,1,2,1
"473",1,2,1,3,3,1,2,2
"474",1,2,1,3,3,1,2,3
"475",1,2,1,3,3,2,1,1
"476",1,2,1,3,3,2,1,2
"477",1,2,1,3,3,2,1,3
"478",1,2,1,3,3,2,2,1
"479",1,2,1,3,3,2,2,2
"480",1,2,1,3,3,2,2,3
"481",1,2,1,3,3,3,1,1
"482",1,2,1,3,3,3,1,2
"483",1,2,1,3,3,3,1,3
"484",1,2,1,3,3,3,2,1
"485",1,2,1,3,3,3,2,2
"486",1,2,1,3,3,3,2,3
"487",1,2,2,1,1,1,1,1
"488",1,2,2,1,1,1,1,2
"489",1,2,2,1,1,1,1,3
"490",1,2,2,1,1,1,2,1
"491",1,2,2,1,1,1,2,2
"492",1,2,2,1,1,1,2,3
"493",1,2,2,1,1,2,1,1
"494",1,2,2,1,1,2,1,2
"495",1,2,2,1,1,2,1,3
"496",1,2,2,1,1,2,2,1
"497",1,2,2,1,1,2,2,2
"498",1,2,2,1,1,2,2,3
"499",1,2,2,1,1,3,1,1
"500",1,2,2,1,1,3,1,2
"501",1,2,2,1,1,3,1,3
"502",1,2,2,1,1,3,2,1
"503",1,2,2,1,1,3,2,2
"504",1,2,2,1,1,3,2,3
"505",1,2,2,1,2,1,1,1
"506",1,2,2,1,2,1,1,2
"507",1,2,2,1,2,1,1,3
"508",1,2,2,1,2,1,2,1
"509",1,2,2,1,2,1,2,2
"510",1,2,2,1,2,1,2,3
"511",1,2,2,1,2,2,1,1
"512",1,2,2,1,2,2,1,2
"513",1,2,2,1,2,2,1,3
"514",1,2,2,1,2,2,2,1
"515",1,2,2,1,2,2,2,2
"516",1,2,2,1,2,2,2,3
"517",1,2,2,1,2,3,1,1
"518",1,2,2,1,2,3,1,2
"519",1,2,2,1,2,3,1,3
"520",1,2,2,1,2,3,2,1
"521",1,2,2,1,2,3,2,2
"522",1,2,2,1,2,3,2,3
"523",1,2,2,1,3,1,1,1
"524",1,2,2,1,3,1,1,2
"525",1,2,2,1,3,1,1,3
"526",1,2,2,1,3,1,2,1
"527",1,2,2,1,3,1,2,2
"528",1,2,2,1,3,1,2,3
"529",1,2,2,1,3,2,1,1
"530",1,2,2,1,3,2,1,2
"531",1,2,2,1,3,2,1,3
"532",1,2,2,1,3,2,2,1
"533",1,2,2,1,3,2,2,2
"534",1,2,2,1,3,2,2,3
"535",1,2,2,1,3,3,1,1
"536",1,2,2,1,3,3,1,2
"537",1,2,2,1,3,3,1,3
"538",1,2,2,1,3,3,2,1
"539",1,2,2,1,3,3,2,2
"540",1,2,2,1,3,3,2,3
"541",1,2,2,2,1,1,1,1
"542",1,2,2,2,1,1,1,2
"543",1,2,2,2,1,1,1,3
"544",1,2,2,2,1,1,2,1
"545",1,2,2,2,1,1,2,2
"546",1,2,2,2,1,1,2,3
"547",1,2,2,2,1,2,1,1
"548",1,2,2,2,1,2,1,2
"549",1,2,2,2,1,2,1,3
"550",1,2,2,2,1,2,2,1
"551",1,2,2,2,1,2,2,2
"552",1,2,2,2,1,2,2,3
"553",1,2,2,2,1,3,1,1
"554",1,2,2,2,1,3,1,2
"555",1,2,2,2,1,3,1,3
"556",1,2,2,2,1,3,2,1
"557",1,2,2,2,1,3,2,2
"558",1,2,2,2,1,3,2,3
"559",1,2,2,2,2,1,1,1
"560",1,2,2,2,2,1,1,2
"561",1,2,2,2,2,1,1,3
"562",1,2,2,2,2,1,2,1
"563",1,2,2,2,2,1,2,2
"564",1,2,2,2,2,1,2,3
"565",1,2,2,2,2,2,1,1
"566",1,2,2,2,2,2,1,2
"567",1,2,2,2,2,2,1,3
"568",1,2,2,2,2,2,2,1
"569",1,2,2,2,2,2,2,2
"570",1,2,2,2,2,2,2,3
"571",1,2,2,2,2,3,1,1
"572",1,2,2,2,2,3,1,2
"573",1,2,2,2,2,3,1,3
"574",1,2,2,2,2,3,2,1
"575",1,2,2,2,2,3,2,2
"576",1,2,2,2,2,3,2,3
"577",1,2,2,2,3,1,1,1
"578",1,2,2,2,3,1,1,2
"579",1,2,2,2,3,1,1,3
"580",1,2,2,2,3,1,2,1
"581",1,2,2,2,3,1,2,2
"582",1,2,2,2,3,1,2,3
"583",1,2,2,2,3,2,1,1
"584",1,2,2,2,3,2,1,2
"585",1,2,2,2,3,2,1,3
"586",1,2,2,2,3,2,2,1
"587",1,2,2,2,3,2,2,2
"588",1,2,2,2,3,2,2,3
"589",1,2,2,2,3,3,1,1
"590",1,2,2,2,3,3,1,2
"591",1,2,2,2,3,3,1,3
"592",1,2,2,2,3,3,2,1
"593",1,2,2,2,3,3,2,2
"594",1,2,2,2,3,3,2,3
"595",1,2,2,3,1,1,1,1
"596",1,2,2,3,1,1,1,2
"597",1,2,2,3,1,1,1,3
"598",1,2,2,3,1,1,2,1
"599",1,2,2,3,1,1,2,2
"600",1,2,2,3,1,1,2,3
"601",1,2,2,3,1,2,1,1
"602",1,2,2,3,1,2,1,2
"603",1,2,2,3,1,2,1,3
"604",1,2,2,3,1,2,2,1
"605",1,2,2,3,1,2,2,2
"606",1,2,2,3,1,2,2,3
"607",1,2,2,3,1,3,1,1
"608",1,2,2,3,1,3,1,2
"609",1,2,2,3,1,3,1,3
"610",1,2,2,3,1,3,2,1
"611",1,2,2,3,1,3,2,2
"612",1,2,2,3,1,3,2,3
"613",1,2,2,3,2,1,1,1
"614",1,2,2,3,2,1,1,2
"615",1,2,2,3,2,1,1,3
"616",1,2,2,3,2,1,2,1
"617",1,2,2,3,2,1,2,2
"618",1,2,2,3,2,1,2,3
"619",1,2,2,3,2,2,1,1
"620",1,2,2,3,2,2,1,2
"621",1,2,2,3,2,2,1,3
"622",1,2,2,3,2,2,2,1
"623",1,2,2,3,2,2,2,2
"624",1,2,2,3,2,2,2,3
"625",1,2,2,3,2,3,1,1
"626",1,2,2,3,2,3,1,2
"627",1,2,2,3,2,3,1,3
"628",1,2,2,3,2,3,2,1
"629",1,2,2,3,2,3,2,2
"630",1,2,2,3,2,3,2,3
"631",1,2,2,3,3,1,1,1
"632",1,2,2,3,3,1,1,2
"633",1,2,2,3,3,1,1,3
"634",1,2,2,3,3,1,2,1
"635",1,2,2,3,3,1,2,2
"636",1,2,2,3,3,1,2,3
"637",1,2,2,3,3,2,1,1
"638",1,2,2,3,3,2,1,2
"639",1,2,2,3,3,2,1,3
"640",1,2,2,3,3,2,2,1
"641",1,2,2,3,3,2,2,2
"642",1,2,2,3,3,2,2,3
"643",1,2,2,3,3,3,1,1
"644",1,2,2,3,3,3,1,2
"645",1,2,2,3,3,3,1,3
"646",1,2,2,3,3,3,2,1
"647",1,2,2,3,3,3,2,2
"648",1,2,2,3,3,3,2,3
"649",2,1,1,1,1,1,1,1
"650",2,1,1,1,1,1,1,2
"651",2,1,1,1,1,1,1,3
"652",2,1,1,1,1,1,2,1
"653",2,1,1,1,1,1,2,2
"654",2,1,1,1,1,1,2,3
"655",2,1,1,1,1,2,1,1
"656",2,1,1,1,1,2,1,2
"657",2,1,1,1,1,2,1,3
"658",2,1,1,1,1,2,2,1
"659",2,1,1,1,1,2,2,2
"660",2,1,1,1,1,2,2,3
"661",2,1,1,1,1,3,1,1
"662",2,1,1,1,1,3,1,2
"663",2,1,1,1,1,3,1,3
"664",2,1,1,1,1,3,2,1
"665",2,1,1,1,1,3,2,2
"666",2,1,1,1,1,3,2,3
"667",2,1,1,1,2,1,1,1
"668",2,1,1,1,2,1,1,2
"669",2,1,1,1,2,1,1,3
"670",2,1,1,1,2,1,2,1
"671",2,1,1,1,2,1,2,2
"672",2,1,1,1,2,1,2,3
"673",2,1,1,1,2,2,1,1
"674",2,1,1,1,2,2,1,2
"675",2,1,1,1,2,2,1,3
"676",2,1,1,1,2,2,2,1
"677",2,1,1,1,2,2,2,2
"678",2,1,1,1,2,2,2,3
"679",2,1,1,1,2,3,1,1
"680",2,1,1,1,2,3,1,2
"681",2,1,1,1,2,3,1,3
"682",2,1,1,1,2,3,2,1
"683",2,1,1,1,2,3,2,2
"684",2,1,1,1,2,3,2,3
"685",2,1,1,1,3,1,1,1
"686",2,1,1,1,3,1,1,2
"687",2,1,1,1,3,1,1,3
"688",2,1,1,1,3,1,2,1
"689",2,1,1,1,3,1,2,2
"690",2,1,1,1,3,1,2,3
"691",2,1,1,1,3,2,1,1
"692",2,1,1,1,3,2,1,2
"693",2,1,1,1,3,2,1,3
"694",2,1,1,1,3,2,2,1
"695",2,1,1,1,3,2,2,2
"696",2,1,1,1,3,2,2,3
"697",2,1,1,1,3,3,1,1
"698",2,1,1,1,3,3,1,2
"699",2,1,1,1,3,3,1,3
"700",2,1,1,1,3,3,2,1
"701",2,1,1,1,3,3,2,2
"702",2,1,1,1,3,3,2,3
"703",2,1,1,2,1,1,1,1
"704",2,1,1,2,1,1,1,2
"705",2,1,1,2,1,1,1,3
"706",2,1,1,2,1,1,2,1
"707",2,1,1,2,1,1,2,2
"708",2,1,1,2,1,1,2,3
"709",2,1,1,2,1,2,1,1
"710",2,1,1,2,1,2,1,2
"711",2,1,1,2,1,2,1,3
"712",2,1,1,2,1,2,2,1
"713",2,1,1,2,1,2,2,2
"714",2,1,1,2,1,2,2,3
"715",2,1,1,2,1,3,1,1
"716",2,1,1,2,1,3,1,2
"717",2,1,1,2,1,3,1,3
"718",2,1,1,2,1,3,2,1
"719",2,1,1,2,1,3,2,2
"720",2,1,1,2,1,3,2,3
"721",2,1,1,2,2,1,1,1
"722",2,1,1,2,2,1,1,2
"723",2,1,1,2,2,1,1,3
"724",2,1,1,2,2,1,2,1
"725",2,1,1,2,2,1,2,2
"726",2,1,1,2,2,1,2,3
"727",2,1,1,2,2,2,1,1
"728",2,1,1,2,2,2,1,2
"729",2,1,1,2,2,2,1,3
"730",2,1,1,2,2,2,2,1
"731",2,1,1,2,2,2,2,2
"732",2,1,1,2,2,2,2,3
"733",2,1,1,2,2,3,1,1
"734",2,1,1,2,2,3,1,2
"735",2,1,1,2,2,3,1,3
"736",2,1,1,2,2,3,2,1
"737",2,1,1,2,2,3,2,2
"738",2,1,1,2,2,3,2,3
"739",2,1,1,2,3,1,1,1
"740",2,1,1,2,3,1,1,2
"741",2,1,1,2,3,1,1,3
"742",2,1,1,2,3,1,2,1
"743",2,1,1,2,3,1,2,2
"744",2,1,1,2,3,1,2,3
"745",2,1,1,2,3,2,1,1
"746",2,1,1,2,3,2,1,2
"747",2,1,1,2,3,2,1,3
"748",2,1,1,2,3,2,2,1
"749",2,1,1,2,3,2,2,2
"750",2,1,1,2,3,2,2,3
"751",2,1,1,2,3,3,1,1
"752",2,1,1,2,3,3,1,2
"753",2,1,1,2,3,3,1,3
"754",2,1,1,2,3,3,2,1
"755",2,1,1,2,3,3,2,2
"756",2,1,1,2,3,3,2,3
"757",2,1,1,3,1,1,1,1
"758",2,1,1,3,1,1,1,2
"759",2,1,1,3,1,1,1,3
"760",2,1,1,3,1,1,2,1
"761",2,1,1,3,1,1,2,2
"762",2,1,1,3,1,1,2,3
"763",2,1,1,3,1,2,1,1
"764",2,1,1,3,1,2,1,2
"765",2,1,1,3,1,2,1,3
"766",2,1,1,3,1,2,2,1
"767",2,1,1,3,1,2,2,2
"768",2,1,1,3,1,2,2,3
"769",2,1,1,3,1,3,1,1
"770",2,1,1,3,1,3,1,2
"771",2,1,1,3,1,3,1,3
"772",2,1,1,3,1,3,2,1
"773",2,1,1,3,1,3,2,2
"774",2,1,1,3,1,3,2,3
"775",2,1,1,3,2,1,1,1
"776",2,1,1,3,2,1,1,2
"777",2,1,1,3,2,1,1,3
"778",2,1,1,3,2,1,2,1
"779",2,1,1,3,2,1,2,2
"780",2,1,1,3,2,1,2,3
"781",2,1,1,3,2,2,1,1
"782",2,1,1,3,2,2,1,2
"783",2,1,1,3,2,2,1,3
"784",2,1,1,3,2,2,2,1
"785",2,1,1,3,2,2,2,2
"786",2,1,1,3,2,2,2,3
"787",2,1,1,3,2,3,1,1
"788",2,1,1,3,2,3,1,2
"789",2,1,1,3,2,3,1,3
"790",2,1,1,3,2,3,2,1
"791",2,1,1,3,2,3,2,2
"792",2,1,1,3,2,3,2,3
"793",2,1,1,3,3,1,1,1
"794",2,1,1,3,3,1,1,2
"795",2,1,1,3,3,1,1,3
"796",2,1,1,3,3,1,2,1
"797",2,1,1,3,3,1,2,2
"798",2,1,1,3,3,1,2,3
"799",2,1,1,3,3,2,1,1
"800",2,1,1,3,3,2,1,2
"801",2,1,1,3,3,2,1,3
"802",2,1,1,3,3,2,2,1
"803",2,1,1,3,3,2,2,2
"804",2,1,1,3,3,2,2,3
"805",2,1,1,3,3,3,1,1
"806",2,1,1,3,3,3,1,2
"807",2,1,1,3,3,3,1,3
"808",2,1,1,3,3,3,2,1
"809",2,1,1,3,3,3,2,2
"810",2,1,1,3,3,3,2,3
"811",2,1,2,1,1,1,1,1
"812",2,1,2,1,1,1,1,2
"813",2,1,2,1,1,1,1,3
"814",2,1,2,1,1,1,2,1
"815",2,1,2,1,1,1,2,2
"816",2,1,2,1,1,1,2,3
"817",2,1,2,1,1,2,1,1
"818",2,1,2,1,1,2,1,2
"819",2,1,2,1,1,2,1,3
"820",2,1,2,1,1,2,2,1
"821",2,1,2,1,1,2,2,2
"822",2,1,2,1,1,2,2,3
"823",2,1,2,1,1,3,1,1
"824",2,1,2,1,1,3,1,2
"825",2,1,2,1,1,3,1,3
"826",2,1,2,1,1,3,2,1
"827",2,1,2,1,1,3,2,2
"828",2,1,2,1,1,3,2,3
"829",2,1,2,1,2,1,1,1
"830",2,1,2,1,2,1,1,2
"831",2,1,2,1,2,1,1,3
"832",2,1,2,1,2,1,2,1
"833",2,1,2,1,2,1,2,2
"834",2,1,2,1,2,1,2,3
"835",2,1,2,1,2,2,1,1
"836",2,1,2,1,2,2,1,2
"837",2,1,2,1,2,2,1,3
"838",2,1,2,1,2,2,2,1
"839",2,1,2,1,2,2,2,2
"840",2,1,2,1,2,2,2,3
"841",2,1,2,1,2,3,1,1
"842",2,1,2,1,2,3,1,2
"843",2,1,2,1,2,3,1,3
"844",2,1,2,1,2,3,2,1
"845",2,1,2,1,2,3,2,2
"846",2,1,2,1,2,3,2,3
"847",2,1,2,1,3,1,1,1
"848",2,1,2,1,3,1,1,2
"849",2,1,2,1,3,1,1,3
"850",2,1,2,1,3,1,2,1
"851",2,1,2,1,3,1,2,2
"852",2,1,2,1,3,1,2,3
"853",2,1,2,1,3,2,1,1
"854",2,1,2,1,3,2,1,2
"855",2,1,2,1,3,2,1,3
"856",2,1,2,1,3,2,2,1
"857",2,1,2,1,3,2,2,2
"858",2,1,2,1,3,2,2,3
"859",2,1,2,1,3,3,1,1
"860",2,1,2,1,3,3,1,2
"861",2,1,2,1,3,3,1,3
"862",2,1,2,1,3,3,2,1
"863",2,1,2,1,3,3,2,2
"864",2,1,2,1,3,3,2,3
"865",2,1,2,2,1,1,1,1
"866",2,1,2,2,1,1,1,2
"867",2,1,2,2,1,1,1,3
"868",2,1,2,2,1,1,2,1
"869",2,1,2,2,1,1,2,2
"870",2,1,2,2,1,1,2,3
"871",2,1,2,2,1,2,1,1
"872",2,1,2,2,1,2,1,2
"873",2,1,2,2,1,2,1,3
"874",2,1,2,2,1,2,2,1
"875",2,1,2,2,1,2,2,2
"876",2,1,2,2,1,2,2,3
"877",2,1,2,2,1,3,1,1
"878",2,1,2,2,1,3,1,2
"879",2,1,2,2,1,3,1,3
"880",2,1,2,2,1,3,2,1
"881",2,1,2,2,1,3,2,2
"882",2,1,2,2,1,3,2,3
"883",2,1,2,2,2,1,1,1
"884",2,1,2,2,2,1,1,2
"885",2,1,2,2,2,1,1,3
"886",2,1,2,2,2,1,2,1
"887",2,1,2,2,2,1,2,2
"888",2,1,2,2,2,1,2,3
"889",2,1,2,2,2,2,1,1
"890",2,1,2,2,2,2,1,2
"891",2,1,2,2,2,2,1,3
"892",2,1,2,2,2,2,2,1
"893",2,1,2,2,2,2,2,2
"894",2,1,2,2,2,2,2,3
"895",2,1,2,2,2,3,1,1
"896",2,1,2,2,2,3,1,2
"897",2,1,2,2,2,3,1,3
"898",2,1,2,2,2,3,2,1
"899",2,1,2,2,2,3,2,2
"900",2,1,2,2,2,3,2,3
"901",2,1,2,2,3,1,1,1
"902",2,1,2,2,3,1,1,2
"903",2,1,2,2,3,1,1,3
"904",2,1,2,2,3,1,2,1
"905",2,1,2,2,3,1,2,2
"906",2,1,2,2,3,1,2,3
"907",2,1,2,2,3,2,1,1
"908",2,1,2,2,3,2,1,2
"909",2,1,2,2,3,2,1,3
"910",2,1,2,2,3,2,2,1
"911",2,1,2,2,3,2,2,2
"912",2,1,2,2,3,2,2,3
"913",2,1,2,2,3,3,1,1
"914",2,1,2,2,3,3,1,2
"915",2,1,2,2,3,3,1,3
"916",2,1,2,2,3,3,2,1
"917",2,1,2,2,3,3,2,2
"918",2,1,2,2,3,3,2,3
"919",2,1,2,3,1,1,1,1
"920",2,1,2,3,1,1,1,2
"921",2,1,2,3,1,1,1,3
"922",2,1,2,3,1,1,2,1
"923",2,1,2,3,1,1,2,2
"924",2,1,2,3,1,1,2,3
"925",2,1,2,3,1,2,1,1
"926",2,1,2,3,1,2,1,2
"927",2,1,2,3,1,2,1,3
"928",2,1,2,3,1,2,2,1
"929",2,1,2,3,1,2,2,2
"930",2,1,2,3,1,2,2,3
"931",2,1,2,3,1,3,1,1
"932",2,1,2,3,1,3,1,2
"933",2,1,2,3,1,3,1,3
"934",2,1,2,3,1,3,2,1
"935",2,1,2,3,1,3,2,2
"936",2,1,2,3,1,3,2,3
"937",2,1,2,3,2,1,1,1
"938",2,1,2,3,2,1,1,2
"939",2,1,2,3,2,1,1,3
"940",2,1,2,3,2,1,2,1
"941",2,1,2,3,2,1,2,2
"942",2,1,2,3,2,1,2,3
"943",2,1,2,3,2,2,1,1
"944",2,1,2,3,2,2,1,2
"945",2,1,2,3,2,2,1,3
"946",2,1,2,3,2,2,2,1
"947",2,1,2,3,2,2,2,2
"948",2,1,2,3,2,2,2,3
"949",2,1,2,3,2,3,1,1
"950",2,1,2,3,2,3,1,2
"951",2,1,2,3,2,3,1,3
"952",2,1,2,3,2,3,2,1
"953",2,1,2,3,2,3,2,2
"954",2,1,2,3,2,3,2,3
"955",2,1,2,3,3,1,1,1
"956",2,1,2,3,3,1,1,2
"957",2,1,2,3,3,1,1,3
"958",2,1,2,3,3,1,2,1
"959",2,1,2,3,3,1,2,2
"960",2,1,2,3,3,1,2,3
"961",2,1,2,3,3,2,1,1
"962",2,1,2,3,3,2,1,2
"963",2,1,2,3,3,2,1,3
"964",2,1,2,3,3,2,2,1
"965",2,1,2,3,3,2,2,2
"966",2,1,2,3,3,2,2,3
"967",2,1,2,3,3,3,1,1
"968",2,1,2,3,3,3,1,2
"969",2,1,2,3,3,3,1,3
"970",2,1,2,3,3,3,2,1
"971",2,1,2,3,3,3,2,2
"972",2,1,2,3,3,3,2,3
"973",2,2,1,1,1,1,1,1
"974",2,2,1,1,1,1,1,2
"975",2,2,1,1,1,1,1,3
"976",2,2,1,1,1,1,2,1
"977",2,2,1,1,1,1,2,2
"978",2,2,1,1,1,1,2,3
"979",2,2,1,1,1,2,1,1
"980",2,2,1,1,1,2,1,2
"981",2,2,1,1,1,2,1,3
"982",2,2,1,1,1,2,2,1
"983",2,2,1,1,1,2,2,2
"984",2,2,1,1,1,2,2,3
"985",2,2,1,1,1,3,1,1
"986",2,2,1,1,1,3,1,2
"987",2,2,1,1,1,3,1,3
"988",2,2,1,1,1,3,2,1
"989",2,2,1,1,1,3,2,2
"990",2,2,1,1,1,3,2,3
"991",2,2,1,1,2,1,1,1
"992",2,2,1,1,2,1,1,2
"993",2,2,1,1,2,1,1,3
"994",2,2,1,1,2,1,2,1
"995",2,2,1,1,2,1,2,2
"996",2,2,1,1,2,1,2,3
"997",2,2,1,1,2,2,1,1
"998",2,2,1,1,2,2,1,2
"999",2,2,1,1,2,2,1,3
"1000",2,2,1,1,2,2,2,1
"1001",2,2,1,1,2,2,2,2
"1002",2,2,1,1,2,2,2,3
"1003",2,2,1,1,2,3,1,1
"1004",2,2,1,1,2,3,1,2
"1005",2,2,1,1,2,3,1,3
"1006",2,2,1,1,2,3,2,1
"1007",2,2,1,1,2,3,2,2
"1008",2,2,1,1,2,3,2,3
"1009",2,2,1,1,3,1,1,1
"1010",2,2,1,1,3,1,1,2
"1011",2,2,1,1,3,1,1,3
"1012",2,2,1,1,3,1,2,1
"1013",2,2,1,1,3,1,2,2
"1014",2,2,1,1,3,1,2,3
"1015",2,2,1,1,3,2,1,1
"1016",2,2,1,1,3,2,1,2
"1017",2,2,1,1,3,2,1,3
"1018",2,2,1,1,3,2,2,1
"1019",2,2,1,1,3,2,2,2
"1020",2,2,1,1,3,2,2,3
"1021",2,2,1,1,3,3,1,1
"1022",2,2,1,1,3,3,1,2
"1023",2,2,1,1,3,3,1,3
"1024",2,2,1,1,3,3,2,1
"1025",2,2,1,1,3,3,2,2
"1026",2,2,1,1,3,3,2,3
"1027",2,2,1,2,1,1,1,1
"1028",2,2,1,2,1,1,1,2
"1029",2,2,1,2,1,1,1,3
"1030",2,2,1,2,1,1,2,1
"1031",2,2,1,2,1,1,2,2
"1032",2,2,1,2,1,1,2,3
"1033",2,2,1,2,1,2,1,1
"1034",2,2,1,2,1,2,1,2
"1035",2,2,1,2,1,2,1,3
"1036",2,2,1,2,1,2,2,1
"1037",2,2,1,2,1,2,2,2
"1038",2,2,1,2,1,2,2,3
"1039",2,2,1,2,1,3,1,1
"1040",2,2,1,2,1,3,1,2
"1041",2,2,1,2,1,3,1,3
"1042",2,2,1,2,1,3,2,1
"1043",2,2,1,2,1,3,2,2
"1044",2,2,1,2,1,3,2,3
"1045",2,2,1,2,2,1,1,1
"1046",2,2,1,2,2,1,1,2
"1047",2,2,1,2,2,1,1,3
"1048",2,2,1,2,2,1,2,1
"1049",2,2,1,2,2,1,2,2
"1050",2,2,1,2,2,1,2,3
"1051",2,2,1,2,2,2,1,1
"1052",2,2,1,2,2,2,1,2
"1053",2,2,1,2,2,2,1,3
"1054",2,2,1,2,2,2,2,1
"1055",2,2,1,2,2,2,2,2
"1056",2,2,1,2,2,2,2,3
"1057",2,2,1,2,2,3,1,1
"1058",2,2,1,2,2,3,1,2
"1059",2,2,1,2,2,3,1,3
"1060",2,2,1,2,2,3,2,1
"1061",2,2,1,2,2,3,2,2
"1062",2,2,1,2,2,3,2,3
"1063",2,2,1,2,3,1,1,1
"1064",2,2,1,2,3,1,1,2
"1065",2,2,1,2,3,1,1,3
"1066",2,2,1,2,3,1,2,1
"1067",2,2,1,2,3,1,2,2
"1068",2,2,1,2,3,1,2,3
"1069",2,2,1,2,3,2,1,1
"1070",2,2,1,2,3,2,1,2
"1071",2,2,1,2,3,2,1,3
"1072",2,2,1,2,3,2,2,1
"1073",2,2,1,2,3,2,2,2
"1074",2,2,1,2,3,2,2,3
"1075",2,2,1,2,3,3,1,1
"1076",2,2,1,2,3,3,1,2
"1077",2,2,1,2,3,3,1,3
"1078",2,2,1,2,3,3,2,1
"1079",2,2,1,2,3,3,2,2
"1080",2,2,1,2,3,3,2,3
"1081",2,2,1,3,1,1,1,1
"1082",2,2,1,3,1,1,1,2
"1083",2,2,1,3,1,1,1,3
"1084",2,2,1,3,1,1,2,1
"1085",2,2,1,3,1,1,2,2
"1086",2,2,1,3,1,1,2,3
"1087",2,2,1,3,1,2,1,1
"1088",2,2,1,3,1,2,1,2
"1089",2,2,1,3,1,2,1,3
"1090",2,2,1,3,1,2,2,1
"1091",2,2,1,3,1,2,2,2
"1092",2,2,1,3,1,2,2,3
"1093",2,2,1,3,1,3,1,1
"1094",2,2,1,3,1,3,1,2
"1095",2,2,1,3,1,3,1,3
"1096",2,2,1,3,1,3,2,1
"1097",2,2,1,3,1,3,2,2
"1098",2,2,1,3,1,3,2,3
"1099",2,2,1,3,2,1,1,1
"1100",2,2,1,3,2,1,1,2
"1101",2,2,1,3,2,1,1,3
"1102",2,2,1,3,2,1,2,1
"1103",2,2,1,3,2,1,2,2
"1104",2,2,1,3,2,1,2,3
"1105",2,2,1,3,2,2,1,1
"1106",2,2,1,3,2,2,1,2
"1107",2,2,1,3,2,2,1,3
"1108",2,2,1,3,2,2,2,1
"1109",2,2,1,3,2,2,2,2
"1110",2,2,1,3,2,2,2,3
"1111",2,2,1,3,2,3,1,1
"1112",2,2,1,3,2,3,1,2
"1113",2,2,1,3,2,3,1,3
"1114",2,2,1,3,2,3,2,1
"1115",2,2,1,3,2,3,2,2
"1116",2,2,1,3,2,3,2,3
"1117",2,2,1,3,3,1,1,1
"1118",2,2,1,3,3,1,1,2
"1119",2,2,1,3,3,1,1,3
"1120",2,2,1,3,3,1,2,1
"1121",2,2,1,3,3,1,2,2
"1122",2,2,1,3,3,1,2,3
"1123",2,2,1,3,3,2,1,1
"1124",2,2,1,3,3,2,1,2
"1125",2,2,1,3,3,2,1,3
"1126",2,2,1,3,3,2,2,1
"1127",2,2,1,3,3,2,2,2
"1128",2,2,1,3,3,2,2,3
"1129",2,2,1,3,3,3,1,1
"1130",2,2,1,3,3,3,1,2
"1131",2,2,1,3,3,3,1,3
"1132",2,2,1,3,3,3,2,1
"1133",2,2,1,3,3,3,2,2
"1134",2,2,1,3,3,3,2,3
"1135",2,2,2,1,1,1,1,1
"1136",2,2,2,1,1,1,1,2
"1137",2,2,2,1,1,1,1,3
"1138",2,2,2,1,1,1,2,1
"1139",2,2,2,1,1,1,2,2
"1140",2,2,2,1,1,1,2,3
"1141",2,2,2,1,1,2,1,1
"1142",2,2,2,1,1,2,1,2
"1143",2,2,2,1,1,2,1,3
"1144",2,2,2,1,1,2,2,1
"1145",2,2,2,1,1,2,2,2
"1146",2,2,2,1,1,2,2,3
"1147",2,2,2,1,1,3,1,1
"1148",2,2,2,1,1,3,1,2
"1149",2,2,2,1,1,3,1,3
"1150",2,2,2,1,1,3,2,1
"1151",2,2,2,1,1,3,2,2
"1152",2,2,2,1,1,3,2,3
"1153",2,2,2,1,2,1,1,1
"1154",2,2,2,1,2,1,1,2
"1155",2,2,2,1,2,1,1,3
"1156",2,2,2,1,2,1,2,1
"1157",2,2,2,1,2,1,2,2
"1158",2,2,2,1,2,1,2,3
"1159",2,2,2,1,2,2,1,1
"1160",2,2,2,1,2,2,1,2
"1161",2,2,2,1,2,2,1,3
"1162",2,2,2,1,2,2,2,1
"1163",2,2,2,1,2,2,2,2
"1164",2,2,2,1,2,2,2,3
"1165",2,2,2,1,2,3,1,1
"1166",2,2,2,1,2,3,1,2
"1167",2,2,2,1,2,3,1,3
"1168",2,2,2,1,2,3,2,1
"1169",2,2,2,1,2,3,2,2
"1170",2,2,2,1,2,3,2,3
"1171",2,2,2,1,3,1,1,1
"1172",2,2,2,1,3,1,1,2
"1173",2,2,2,1,3,1,1,3
"1174",2,2,2,1,3,1,2,1
"1175",2,2,2,1,3,1,2,2
"1176",2,2,2,1,3,1,2,3
"1177",2,2,2,1,3,2,1,1
"1178",2,2,2,1,3,2,1,2
"1179",2,2,2,1,3,2,1,3
"1180",2,2,2,1,3,2,2,1
"1181",2,2,2,1,3,2,2,2
"1182",2,2,2,1,3,2,2,3
"1183",2,2,2,1,3,3,1,1
"1184",2,2,2,1,3,3,1,2
"1185",2,2,2,1,3,3,1,3
"1186",2,2,2,1,3,3,2,1
"1187",2,2,2,1,3,3,2,2
"1188",2,2,2,1,3,3,2,3
"1189",2,2,2,2,1,1,1,1
"1190",2,2,2,2,1,1,1,2
"1191",2,2,2,2,1,1,1,3
"1192",2,2,2,2,1,1,2,1
"1193",2,2,2,2,1,1,2,2
"1194",2,2,2,2,1,1,2,3
"1195",2,2,2,2,1,2,1,1
"1196",2,2,2,2,1,2,1,2
"1197",2,2,2,2,1,2,1,3
"1198",2,2,2,2,1,2,2,1
"1199",2,2,2,2,1,2,2,2
"1200",2,2,2,2,1,2,2,3
"1201",2,2,2,2,1,3,1,1
"1202",2,2,2,2,1,3,1,2
"1203",2,2,2,2,1,3,1,3
"1204",2,2,2,2,1,3,2,1
"1205",2,2,2,2,1,3,2,2
"1206",2,2,2,2,1,3,2,3
"1207",2,2,2,2,2,1,1,1
"1208",2,2,2,2,2,1,1,2
"1209",2,2,2,2,2,1,1,3
"1210",2,2,2,2,2,1,2,1
"1211",2,2,2,2,2,1,2,2
"1212",2,2,2,2,2,1,2,3
"1213",2,2,2,2,2,2,1,1
"1214",2,2,2,2,2,2,1,2
"1215",2,2,2,2,2,2,1,3
"1216",2,2,2,2,2,2,2,1
"1217",2,2,2,2,2,2,2,2
"1218",2,2,2,2,2,2,2,3
"1219",2,2,2,2,2,3,1,1
"1220",2,2,2,2,2,3,1,2
"1221",2,2,2,2,2,3,1,3
"1222",2,2,2,2,2,3,2,1
"1223",2,2,2,2,2,3,2,2
"1224",2,2,2,2,2,3,2,3
"1225",2,2,2,2,3,1,1,1
"1226",2,2,2,2,3,1,1,2
"1227",2,2,2,2,3,1,1,3
"1228",2,2,2,2,3,1,2,1
"1229",2,2,2,2,3,1,2,2
"1230",2,2,2,2,3,1,2,3
"1231",2,2,2,2,3,2,1,1
"1232",2,2,2,2,3,2,1,2
"1233",2,2,2,2,3,2,1,3
"1234",2,2,2,2,3,2,2,1
"1235",2,2,2,2,3,2,2,2
"1236",2,2,2,2,3,2,2,3
"1237",2,2,2,2,3,3,1,1
"1238",2,2,2,2,3,3,1,2
"1239",2,2,2,2,3,3,1,3
"1240",2,2,2,2,3,3,2,1
"1241",2,2,2,2,3,3,2,2
"1242",2,2,2,2,3,3,2,3
"1243",2,2,2,3,1,1,1,1
"1244",2,2,2,3,1,1,1,2
"1245",2,2,2,3,1,1,1,3
"1246",2,2,2,3,1,1,2,1
"1247",2,2,2,3,1,1,2,2
"1248",2,2,2,3,1,1,2,3
"1249",2,2,2,3,1,2,1,1
"1250",2,2,2,3,1,2,1,2
"1251",2,2,2,3,1,2,1,3
"1252",2,2,2,3,1,2,2,1
"1253",2,2,2,3,1,2,2,2
"1254",2,2,2,3,1,2,2,3
"1255",2,2,2,3,1,3,1,1
"1256",2,2,2,3,1,3,1,2
"1257",2,2,2,3,1,3,1,3
"1258",2,2,2,3,1,3,2,1
"1259",2,2,2,3,1,3,2,2
"1260",2,2,2,3,1,3,2,3
"1261",2,2,2,3,2,1,1,1
"1262",2,2,2,3,2,1,1,2
"1263",2,2,2,3,2,1,1,3
"1264",2,2,2,3,2,1,2,1
"1265",2,2,2,3,2,1,2,2
"1266",2,2,2,3,2,1,2,3
"1267",2,2,2,3,2,2,1,1
"1268",2,2,2,3,2,2,1,2
"1269",2,2,2,3,2,2,1,3
"1270",2,2,2,3,2,2,2,1
"1271",2,2,2,3,2,2,2,2
"1272",2,2,2,3,2,2,2,3
"1273",2,2,2,3,2,3,1,1
"1274",2,2,2,3,2,3,1,2
"1275",2,2,2,3,2,3,1,3
"1276",2,2,2,3,2,3,2,1
"1277",2,2,2,3,2,3,2,2
"1278",2,2,2,3,2,3,2,3
"1279",2,2,2,3,3,1,1,1
"1280",2,2,2,3,3,1,1,2
"1281",2,2,2,3,3,1,1,3
"1282",2,2,2,3,3,1,2,1
"1283",2,2,2,3,3,1,2,2
"1284",2,2,2,3,3,1,2,3
"1285",2,2,2,3,3,2,1,1
"1286",2,2,2,3,3,2,1,2
"1287",2,2,2,3,3,2,1,3
"1288",2,2,2,3,3,2,2,1
"1289",2,2,2,3,3,2,2,2
"1290",2,2,2,3,3,2,2,3
"1291",2,2,2,3,3,3,1,1
"1292",2,2,2,3,3,3,1,2
"1293",2,2,2,3,3,3,1,3
"1294",2,2,2,3,3,3,2,1
"1295",2,2,2,3,3,3,2,2
"1296",2,2,2,3,3,3,2,3
